NAME;RATING;BASE;GROSS
The Shawshank Redempton;9.3;28,34; R$ 28.340.000,00 
The Godfather;9.2;134,97; R$ 134.970.000,00 
The Dark Knght;9.0;534,86; R$ 534.860.000,00 
The Godfather: Part ;9.0;57,3; R$ 57.300.000,00 
12 Angry Men;9.0;4,36; R$ 4.360.000,00 
The Lord of the Rngs: The Return of the Kng;8.9;377,85; R$ 377.850.000,00 
Pulp Fcton;8.9;107,93; R$ 107.930.000,00 
Schndler's Lst;8.9;96,9; R$ 96.900.000,00 
ncepton;8.8;292,58; R$ 292.580.000,00 
Fght Club;8.8;37,03; R$ 37.030.000,00 
The Lord of the Rngs: The Fellowshp of the Rng;8.8;315,54; R$ 315.540.000,00 
Forrest Gump;8.8;330,25; R$ 330.250.000,00 
The Good, the Bad and the Ugly;8.8;6,1; R$ 6.100.000,00 
The Lord of the Rngs: The Two Towers;8.7;342,55; R$ 342.550.000,00 
The Matrx;8.7;171,48; R$ 171.480.000,00 
Goodfellas;8.7;46,84; R$ 46.840.000,00 
Star Wars: Epsode V - The Empre Strkes Back;8.7;290,48; R$ 290.480.000,00 
One Flew Over the Cuckoo's Nest;8.7;112; R$ 112.000.000,00 
Paraste;8.6;53,37; R$ 53.370.000,00 
nterstellar;8.6;188,02; R$ 188.020.000,00 
Cty of God;8.6;7,56; R$ 7.560.000,00 
Sprted Away;8.6;10,06; R$ 10.060.000,00 
Savng Prvate Ryan;8.6;216,54; R$ 216.540.000,00 
The Green Mle;8.6;136,8; R$ 136.800.000,00 
Lfe s Beautful;8.6;57,6; R$ 57.600.000,00 
Se7en;8.6;100,13; R$ 100.130.000,00 
The Slence of the Lambs;8.6;130,74; R$ 130.740.000,00 
Star Wars: Epsode V - A New Hope;8.6;322,74; R$ 322.740.000,00 
Seven Samura;8.6;0,27; R$ 270.000,00 
Whplash;8.5;13,09; R$ 13.090.000,00 
The ntouchables;8.5;13,18; R$ 13.180.000,00 
The Prestge;8.5;53,09; R$ 53.090.000,00 
The Departed;8.5;132,38; R$ 132.380.000,00 
The Panst;8.5;32,57; R$ 32.570.000,00 
Gladator;8.5;187,71; R$ 187.710.000,00 
Amercan Hstory X;8.5;6,72; R$ 6.720.000,00 
The Usual Suspects;8.5;23,34; R$ 23.340.000,00 
LÃ©on: The Professonal;8.5;19,5; R$ 19.500.000,00 
The Lon Kng;8.5;422,78; R$ 422.780.000,00 
Termnator 2: Judgment Day;8.5;204,84; R$ 204.840.000,00 
Cnema Paradso;8.5;11,99; R$ 11.990.000,00 
Back to the Future;8.5;210,61; R$ 210.610.000,00 
Once Upon a Tme n the West;8.5;5,32; R$ 5.320.000,00 
Psycho;8.5;32; R$ 32.000.000,00 
Rear Wndow;8.5;36,76; R$ 36.760.000,00 
Casablanca;8.5;1,02; R$ 1.020.000,00 
Modern Tmes;8.5;0,16; R$ 160.000,00 
Cty Lghts;8.5;0,02; R$ 20.000,00 
CapharnaÃ¼m;8.4;1,66; R$ 1.660.000,00 
Joker;8.4;335,45; R$ 335.450.000,00 
Your Name.;8.4;5,02; R$ 5.020.000,00 
Dangal;8.4;12,39; R$ 12.390.000,00 
Spder-Man: nto the Spder-Verse;8.4;190,24; R$ 190.240.000,00 
Avengers: Endgame;8.4;858,37; R$ 858.370.000,00 
Avengers: nfnty War;8.4;678,82; R$ 678.820.000,00 
Coco;8.4;209,73; R$ 209.730.000,00 
Django Unchaned;8.4;162,81; R$ 162.810.000,00 
The Dark Knght Rses;8.4;448,14; R$ 448.140.000,00 
3 dots;8.4;6,53; R$ 6.530.000,00 
Lke Stars on Earth;8.4;1,22; R$ 1.220.000,00 
WALLÂ·E;8.4;223,81; R$ 223.810.000,00 
The Lves of Others;8.4;11,29; R$ 11.290.000,00 
Oldboy;8.4;0,71; R$ 710.000,00 
Memento;8.4;25,54; R$ 25.540.000,00 
Prncess Mononoke;8.4;2,38; R$ 2.380.000,00 
Once Upon a Tme n Amerca;8.4;5,32; R$ 5.320.000,00 
ndana Jones and the Raders of the Lost Ark;8.4;248,16; R$ 248.160.000,00 
The Shnng;8.4;44,02; R$ 44.020.000,00 
Apocalypse Now;8.4;83,47; R$ 83.470.000,00 
Alen;8.4;78,9; R$ 78.900.000,00 
Dr. Strangelove or: How Learned to Stop Worryng and Love the Bomb;8.4;0,28; R$ 280.000,00 
Wtness for the Prosecuton;8.4;8,18; R$ 8.180.000,00 
The Great Dctator;8.4;0,29; R$ 290.000,00 
Chhchhore;8.3;0,9; R$ 900.000,00 
1917;8.3;159,23; R$ 159.230.000,00 
The Hunt;8.3;0,69; R$ 690.000,00 
A Separaton;8.3;7,1; R$ 7.100.000,00 
ncendes;8.3;6,86; R$ 6.860.000,00 
nglourous Basterds;8.3;120,54; R$ 120.540.000,00 
Eternal Sunshne of the Spotless Mnd;8.3;34,4; R$ 34.400.000,00 
AmÃ©le;8.3;33,23; R$ 33.230.000,00 
Snatch;8.3;30,33; R$ 30.330.000,00 
Requem for a Dream;8.3;3,64; R$ 3.640.000,00 
Amercan Beauty;8.3;130,1; R$ 130.100.000,00 
Good Wll Huntng;8.3;138,43; R$ 138.430.000,00 
Chldren of Heaven;8.3;0,93; R$ 930.000,00 
Toy Story;8.3;191,8; R$ 191.800.000,00 
Braveheart;8.3;75,6; R$ 75.600.000,00 
Reservor Dogs;8.3;2,83; R$ 2.830.000,00 
Full Metal Jacket;8.3;46,36; R$ 46.360.000,00 
Alens;8.3;85,16; R$ 85.160.000,00 
Amadeus;8.3;51,97; R$ 51.970.000,00 
Scarface;8.3;45,6; R$ 45.600.000,00 
Star Wars: Epsode V- Return of the Jed;8.3;309,13; R$ 309.130.000,00 
TaxDrver;8.3;28,26; R$ 28.260.000,00 
The Stng;8.3;159,6; R$ 159.600.000,00 
A Clockwork Orange;8.3;6,21; R$ 6.210.000,00 
2001: A Space Odyssey;8.3;56,95; R$ 56.950.000,00 
Lawrence of Araba;8.3;44,82; R$ 44.820.000,00 
The Apartment;8.3;18,6; R$ 18.600.000,00 
North by Northwest;8.3;13,28; R$ 13.280.000,00 
Vertgo;8.3;3,2; R$ 3.200.000,00 
Sngn' n the Ran;8.3;8,82; R$ 8.820.000,00 
kru;8.3;0,06; R$ 60.000,00 
Bcycle Theves;8.3;0,33; R$ 330.000,00 
Double ndemnty;8.3;5,72; R$ 5.720.000,00 
M;8.3;0,03; R$ 30.000,00 
Metropols;8.3;1,24; R$ 1.240.000,00 
The Kd;8.3;5,45; R$ 5.450.000,00 
Ur: The Surgcal Strke;8.2;4,19; R$ 4.190.000,00 
Andhadhun;8.2;1,37; R$ 1.370.000,00 
Green Book;8.2;85,08; R$ 85.080.000,00 
Talvar;8.2;0,34; R$ 340.000,00 
Baahubal2: The Concluson;8.2;20,19; R$ 20.190.000,00 
Drshyam;8.2;0,74; R$ 740.000,00 
Queen;8.2;1,43; R$ 1.430.000,00 
Tangernes;8.2;0,14; R$ 140.000,00 
Bhaag Mlkha Bhaag;8.2;1,63; R$ 1.630.000,00 
Paan Sngh Tomar;8.2;0,04; R$ 40.000,00 
ZndagNa MlegDobara;8.2;3,11; R$ 3.110.000,00 
The Secret n Ther Eyes;8.2;6,39; R$ 6.390.000,00 
Shutter sland;8.2;128,01; R$ 128.010.000,00 
Up;8.2;293; R$ 293.000.000,00 
The Wolf of Wall Street;8.2;116,9; R$ 116.900.000,00 
Chak De! nda;8.2;1,11; R$ 1.110.000,00 
There Wll Be Blood;8.2;40,22; R$ 40.220.000,00 
Pan's Labyrnth;8.2;37,63; R$ 37.630.000,00 
Toy Story 3;8.2;415; R$ 415.000.000,00 
Black;8.2;0,73; R$ 730.000,00 
Batman Begns;8.2;206,85; R$ 206.850.000,00 
Swades;8.2;1,22; R$ 1.220.000,00 
Howl's Movng Castle;8.2;4,71; R$ 4.710.000,00 
A Beautful Mnd;8.2;170,74; R$ 170.740.000,00 
Lock, Stock and Two Smokng Barrels;8.2;3,9; R$ 3.900.000,00 
L.A. Confdental;8.2;64,62; R$ 64.620.000,00 
Heat;8.2;67,44; R$ 67.440.000,00 
Casno;8.2;42,44; R$ 42.440.000,00 
Unforgven;8.2;101,16; R$ 101.160.000,00 
ndana Jones and the Last Crusade;8.2;197,17; R$ 197.170.000,00 
Tme of the Gypses;8.2;0,28; R$ 280.000,00 
My Neghbor Totoro;8.2;1,11; R$ 1.110.000,00 
De Hard;8.2;83,01; R$ 83.010.000,00 
Ran;8.2;4,14; R$ 4.140.000,00 
Ragng Bull;8.2;23,38; R$ 23.380.000,00 
Monty Python and the Holy Gral;8.2;1,23; R$ 1.230.000,00 
Chnatown;8.2;8,49; R$ 8.490.000,00 
For a Few Dollars More;8.2;15; R$ 15.000.000,00 
The Great Escape;8.2;12,1; R$ 12.100.000,00 
Some Lke t Hot;8.2;25; R$ 25.000.000,00 
Dal M for Murder;8.2;0,01; R$ 10.000,00 
Rashomon;8.2;0,1; R$ 100.000,00 
All About Eve;8.2;0,01; R$ 10.000,00 
The Treasure of the Serra Madre;8.2;5,01; R$ 5.010.000,00 
The Gold Rush;8.2;5,45; R$ 5.450.000,00 
Sherlock Jr.;8.2;0,98; R$ 980.000,00 
Portrat of a Lady on Fre;8.1;3,76; R$ 3.760.000,00 
Pnk;8.1;1,24; R$ 1.240.000,00 
Three Bllboards Outsde Ebbng, Mssour;8.1;54,51; R$ 54.510.000,00 
The Handmaden;8.1;2,01; R$ 2.010.000,00 
Mommy;8.1;3,49; R$ 3.490.000,00 
Hader;8.1;0,9; R$ 900.000,00 
Logan;8.1;226,28; R$ 226.280.000,00 
Room;8.1;14,68; R$ 14.680.000,00 
Wld Tales;8.1;3,11; R$ 3.110.000,00 
Wnter Sleep;8.1;0,17; R$ 170.000,00 
PK;8.1;10,62; R$ 10.620.000,00 
OMG: Oh My God!;8.1;0,92; R$ 920.000,00 
The Grand Budapest Hotel;8.1;59,1; R$ 59.100.000,00 
Gone Grl;8.1;167,77; R$ 167.770.000,00 
Hacksaw Rdge;8.1;67,21; R$ 67.210.000,00 
nsde Out;8.1;356,46; R$ 356.460.000,00 
Barf!;8.1;2,8; R$ 2.800.000,00 
12 Years a Slave;8.1;56,67; R$ 56.670.000,00 
Rush;8.1;26,95; R$ 26.950.000,00 
Ford v Ferrar;8.1;117,62; R$ 117.620.000,00 
Spotlght;8.1;45,06; R$ 45.060.000,00 
Song of the Sea;8.1;0,86; R$ 860.000,00 
Kahaan;8.1;1,04; R$ 1.040.000,00 
Udaan;8.1;0,01; R$ 10.000,00 
Prsoners;8.1;61; R$ 61.000.000,00 
Mad Max: Fury Road;8.1;154,06; R$ 154.060.000,00 
Warror;8.1;13,66; R$ 13.660.000,00 
Gran Torno;8.1;148,1; R$ 148.100.000,00 
Harry Potter and the Deathly Hallows: Part 2;8.1;381,01; R$ 381.010.000,00 
Departures;8.1;1,5; R$ 1.500.000,00 
How to Tran Your Dragon;8.1;217,58; R$ 217.580.000,00 
nto the Wld;8.1;18,35; R$ 18.350.000,00 
No Country for Old Men;8.1;74,28; R$ 74.280.000,00 
V for Vendetta;8.1;70,51; R$ 70.510.000,00 
Nobody Knows;8.1;0,68; R$ 680.000,00 
Rang De Basant;8.1;2,2; R$ 2.200.000,00 
Mllon Dollar Baby;8.1;100,49; R$ 100.490.000,00 
Before Sunset;8.1;5,82; R$ 5.820.000,00 
Memores of Murder;8.1;0,01; R$ 10.000,00 
Dl Chahta Ha;8.1;0,3; R$ 300.000,00 
Kll Bll: Vol. 1;8.1;70,1; R$ 70.100.000,00 
Fndng Nemo;8.1;380,84; R$ 380.840.000,00 
Catch Me f You Can;8.1;164,62; R$ 164.620.000,00 
Amores Perros;8.1;5,38; R$ 5.380.000,00 
Monsters, nc.;8.1;289,92; R$ 289.920.000,00 
Lagaan: Once Upon a Tme n nda;8.1;0,07; R$ 70.000,00 
The Sxth Sense;8.1;293,51; R$ 293.510.000,00 
The Celebraton;8.1;1,65; R$ 1.650.000,00 
The Legend of 1900;8.1;0,26; R$ 260.000,00 
The Truman Show;8.1;125,62; R$ 125.620.000,00 
Crna macka, belmacor;8.1;0,35; R$ 350.000,00 
The Bg Lebowsk;8.1;17,5; R$ 17.500.000,00 
n the Mood for Love;8.1;2,73; R$ 2.730.000,00 
Transpottng;8.1;16,5; R$ 16.500.000,00 
Fargo;8.1;24,61; R$ 24.610.000,00 
Underground;8.1;0,17; R$ 170.000,00 
La Hane;8.1;0,31; R$ 310.000,00 
Before Sunrse;8.1;5,54; R$ 5.540.000,00 
Three Colors: Red;8.1;4,04; R$ 4.040.000,00 
Chungkng Express;8.1;0,6; R$ 600.000,00 
Jurassc Park;8.1;402,45; R$ 402.450.000,00 
n the Name of the Father;8.1;25,01; R$ 25.010.000,00 
Farewell My Concubne;8.1;5,22; R$ 5.220.000,00 
Rase the Red Lantern;8.1;2,6; R$ 2.600.000,00 
Dead Poets Socety;8.1;95,86; R$ 95.860.000,00 
The Prncess Brde;8.1;30,86; R$ 30.860.000,00 
Stand by Me;8.1;52,29; R$ 52.290.000,00 
Platoon;8.1;138,53; R$ 138.530.000,00 
The Sacrfce;8.1;0,3; R$ 300.000,00 
Pars, Texas;8.1;2,18; R$ 2.180.000,00 
NauscaÃ¤ of the Valley of the Wnd;8.1;0,5; R$ 500.000,00 
The Thng;8.1;13,78; R$ 13.780.000,00 
Fanny and Alexander;8.1;4,97; R$ 4.970.000,00 
Blade Runner;8.1;32,87; R$ 32.870.000,00 
Stalker;8.1;0,23; R$ 230.000,00 
Monty Python's Lfe of Bran;8.1;20,05; R$ 20.050.000,00 
The Deer Hunter;8.1;48,98; R$ 48.980.000,00 
Rocky;8.1;117,24; R$ 117.240.000,00 
Mrror;8.1;0,18; R$ 180.000,00 
Paper Moon;8.1;30,93; R$ 30.930.000,00 
Cres & Whspers;8.1;1,74; R$ 1.740.000,00 
Le SamouraÃ¯;8.1;0,04; R$ 40.000,00 
Cool Hand Luke;8.1;16,22; R$ 16.220.000,00 
AndreRublev;8.1;0,1; R$ 100.000,00 
The Battle of Algers;8.1;0,06; R$ 60.000,00 
What Ever Happened to Baby Jane?;8.1;4,05; R$ 4.050.000,00 
The Vrgn Sprng;8.1;1,53; R$ 1.530.000,00 
Ben-Hur;8.1;74,7; R$ 74.700.000,00 
Nghts of Cabra;8.1;0,75; R$ 750.000,00 
The Brdge on the Rver Kwa;8.1;44,91; R$ 44.910.000,00 
Rff;8.1;0,06; R$ 60.000,00 
On the Waterfront;8.1;9,6; R$ 9.600.000,00 
Ace n the Hole;8.1;3,97; R$ 3.970.000,00 
The Thrd Man;8.1;0,45; R$ 450.000,00 
The Red Shoes;8.1;10,9; R$ 10.900.000,00 
The Best Years of Our Lves;8.1;23,65; R$ 23.650.000,00 
The Shop Around the Corner;8.1;0,2; R$ 200.000,00 
Rebecca;8.1;4,36; R$ 4.360.000,00 
The Grapes of Wrath;8.1;0,06; R$ 60.000,00 
Mr. Smth Goes to Washngton;8.1;9,6; R$ 9.600.000,00 
Gone wth the Wnd;8.1;198,68; R$ 198.680.000,00 
La Grande lluson;8.1;0,17; R$ 170.000,00 
t Happened One Nght;8.1;4,36; R$ 4.360.000,00 
All Quet on the Western Front;8.1;3,27; R$ 3.270.000,00 
The Passon of Joan of Arc;8.1;0,02; R$ 20.000,00 
Sunrse;8.1;0,54; R$ 540.000,00 
The General;8.1;1,03; R$ 1.030.000,00 
BajrangBhajaan;8.0;8,18; R$ 8.180.000,00 
La La Land;8.0;151,1; R$ 151.100.000,00 
Lon;8.0;51,74; R$ 51.740.000,00 
The Martan;8.0;228,43; R$ 228.430.000,00 
Zootopa;8.0;341,27; R$ 341.270.000,00 
Baahubal: The Begnnng;8.0;6,74; R$ 6.740.000,00 
The Tale of The Prncess Kaguya;8.0;1,51; R$ 1.510.000,00 
Wonder;8.0;132,42; R$ 132.420.000,00 
Gully Boy;8.0;5,57; R$ 5.570.000,00 
Specal 26;8.0;1,08; R$ 1.080.000,00 
Short Term 12;8.0;1,01; R$ 1.010.000,00 
The Rad 2;8.0;2,63; R$ 2.630.000,00 
The mtaton Game;8.0;91,13; R$ 91.130.000,00 
Guardans of the Galaxy;8.0;333,18; R$ 333.180.000,00 
Blade Runner 2049;8.0;92,05; R$ 92.050.000,00 
Her;8.0;25,57; R$ 25.570.000,00 
The Revenant;8.0;183,64; R$ 183.640.000,00 
The Perks of Beng a Wallflower;8.0;17,74; R$ 17.740.000,00 
Elte Squad 2: The Enemy Wthn;8.0;0,1; R$ 100.000,00 
The Kng's Speech;8.0;138,8; R$ 138.800.000,00 
The Help;8.0;169,71; R$ 169.710.000,00 
Deadpool;8.0;363,07; R$ 363.070.000,00 
Darbareye Elly;8.0;0,11; R$ 110.000,00 
Dev.D;8.0;0,01; R$ 10.000,00 
My Name s Khan;8.0;4,02; R$ 4.020.000,00 
Slumdog Mllonare;8.0;141,32; R$ 141.320.000,00 
Black Swan;8.0;106,95; R$ 106.950.000,00 
Elte Squad;8.0;0,01; R$ 10.000,00 
The Avengers;8.0;623,28; R$ 623.280.000,00 
Persepols;8.0;4,45; R$ 4.450.000,00 
Dallas Buyers Club;8.0;27,3; R$ 27.300.000,00 
Lage Raho Munna Bha;8.0;2,22; R$ 2.220.000,00 
The Pursut of Happyness;8.0;163,57; R$ 163.570.000,00 
Blood Damond;8.0;57,37; R$ 57.370.000,00 
The Bourne Ultmatum;8.0;227,47; R$ 227.470.000,00 
3-ron;8.0;0,24; R$ 240.000,00 
Sn Cty;8.0;74,1; R$ 74.100.000,00 
Tae Guk G: The Brotherhood of War;8.0;1,11; R$ 1.110.000,00 
Ratatoulle;8.0;206,45; R$ 206.450.000,00 
Casno Royale;8.0;167,45; R$ 167.450.000,00 
Kll Bll: Vol. 2;8.0;66,21; R$ 66.210.000,00 
The Return;8.0;0,5; R$ 500.000,00 
Sprng, Summer, Fall, Wnter... and Sprng;8.0;2,38; R$ 2.380.000,00 
The Sea nsde;8.0;2,09; R$ 2.090.000,00 
Cnderella Man;8.0;61,65; R$ 61.650.000,00 
nfernal Affars;8.0;0,17; R$ 170.000,00 
Prates of the Carbbean: The Curse of the Black Pearl;8.0;305,41; R$ 305.410.000,00 
Bg Fsh;8.0;66,26; R$ 66.260.000,00 
The ncredbles;8.0;261,44; R$ 261.440.000,00 
Dogvlle;8.0;1,53; R$ 1.530.000,00 
Donne Darko;8.0;1,48; R$ 1.480.000,00 
Magnola;8.0;22,46; R$ 22.460.000,00 
Dancer n the Dark;8.0;4,18; R$ 4.180.000,00 
The Straght Story;8.0;6,2; R$ 6.200.000,00 
Perfect Blue;8.0;0,78; R$ 780.000,00 
Central Staton;8.0;5,6; R$ 5.600.000,00 
The ron Gant;8.0;23,16; R$ 23.160.000,00 
Slng Blade;8.0;24,48; R$ 24.480.000,00 
Secrets & Les;8.0;13,42; R$ 13.420.000,00 
12 Monkeys;8.0;57,14; R$ 57.140.000,00 
Ghost n the Shell;8.0;0,52; R$ 520.000,00 
The Nghtmare Before Chrstmas;8.0;75,08; R$ 75.080.000,00 
Groundhog Day;8.0;70,91; R$ 70.910.000,00 
Blood n, Blood Out;8.0;4,5; R$ 4.500.000,00 
Scent of a Woman;8.0;63,9; R$ 63.900.000,00 
Aladdn;8.0;217,35; R$ 217.350.000,00 
JFK;8.0;70,41; R$ 70.410.000,00 
Beauty and the Beast;8.0;218,97; R$ 218.970.000,00 
Dances wth Wolves;8.0;184,21; R$ 184.210.000,00 
Do the Rght Thng;8.0;27,55; R$ 27.550.000,00 
Akra;8.0;0,55; R$ 550.000,00 
Wngs of Desre;8.0;3,33; R$ 3.330.000,00 
Au Revor les Enfants;8.0;4,54; R$ 4.540.000,00 
The Termnator;8.0;38,4; R$ 38.400.000,00 
Pnk Floyd: The Wall;8.0;22,24; R$ 22.240.000,00 
Gandh;8.0;52,77; R$ 52.770.000,00 
Beng There;8.0;30,18; R$ 30.180.000,00 
Anne Hall;8.0;39,2; R$ 39.200.000,00 
All the Presdent's Men;8.0;70,6; R$ 70.600.000,00 
Jaws;8.0;260; R$ 260.000.000,00 
Dog Day Afternoon;8.0;50; R$ 50.000.000,00 
Young Frankensten;8.0;86,3; R$ 86.300.000,00 
Papllon;8.0;53,27; R$ 53.270.000,00 
The Exorcst;8.0;232,91; R$ 232.910.000,00 
Sleuth;8.0;4,08; R$ 4.080.000,00 
The Last Pcture Show;8.0;29,13; R$ 29.130.000,00 
Fddler on the Roof;8.0;80,5; R$ 80.500.000,00 
The Conformst;8.0;0,54; R$ 540.000,00 
Butch Cassdy and the Sundance Kd;8.0;102,31; R$ 102.310.000,00 
Planet of the Apes;8.0;33,4; R$ 33.400.000,00 
The Graduate;8.0;104,95; R$ 104.950.000,00 
The Sound of Musc;8.0;163,21; R$ 163.210.000,00 
Doctor Zhvago;8.0;111,72; R$ 111.720.000,00 
A Fstful of Dollars;8.0;14,5; R$ 14.500.000,00 
8Â½;8.0;0,05; R$ 50.000,00 
The Hustler;8.0;8,28; R$ 8.280.000,00 
La Dolce Vta;8.0;19,52; R$ 19.520.000,00 
Ro Bravo;8.0;12,54; R$ 12.540.000,00 
Anatomy of a Murder;8.0;11,9; R$ 11.900.000,00 
Touch of Evl;8.0;2,24; R$ 2.240.000,00 
Cat on a Hot Tn Roof;8.0;17,57; R$ 17.570.000,00 
The Nght of the Hunter;8.0;0,65; R$ 650.000,00 
Hgh Noon;8.0;9,45; R$ 9.450.000,00 
A Streetcar Named Desre;8.0;8; R$ 8.000.000,00 
Strangers on a Tran;8.0;7,63; R$ 7.630.000,00 
Notorous;8.0;10,46; R$ 10.460.000,00 
Laura;8.0;4,36; R$ 4.360.000,00 
The Maltese Falcon;8.0;2,11; R$ 2.110.000,00 
The Wzard of Oz;8.0;2,08; R$ 2.080.000,00 
Battleshp Potemkn;8.0;0,05; R$ 50.000,00 
Knves Out;7.9;165,36; R$ 165.360.000,00 
Shoplfters;7.9;3,31; R$ 3.310.000,00 
Marrage Story;7.9;2; R$ 2.000.000,00 
Call Me by Your Name;7.9;18,1; R$ 18.100.000,00 
, Danel Blake;7.9;0,26; R$ 260.000,00 
sle of Dogs;7.9;32,02; R$ 32.020.000,00 
Hunt for the Wlderpeople;7.9;5,2; R$ 5.200.000,00 
M.S. Dhon: The Untold Story;7.9;1,78; R$ 1.780.000,00 
Captan Fantastc;7.9;5,88; R$ 5.880.000,00 
Sng Street;7.9;3,24; R$ 3.240.000,00 
Thor: Ragnarok;7.9;315,06; R$ 315.060.000,00 
Jojo Rabbt;7.9;0,35; R$ 350.000,00 
Arrval;7.9;100,55; R$ 100.550.000,00 
Star Wars: Epsode V- The Force Awakens;7.9;936,66; R$ 936.660.000,00 
Before Mdnght;7.9;8,11; R$ 8.110.000,00 
X-Men: Days of Future Past;7.9;233,92; R$ 233.920.000,00 
Once Upon a Tme n Anatola;7.9;0,14; R$ 140.000,00 
Boheman Rhapsody;7.9;216,43; R$ 216.430.000,00 
The Artst;7.9;44,67; R$ 44.670.000,00 
Edge of Tomorrow;7.9;100,21; R$ 100.210.000,00 
Amour;7.9;6,74; R$ 6.740.000,00 
A Prophet;7.9;2,08; R$ 2.080.000,00 
Moon;7.9;5,01; R$ 5.010.000,00 
Let the Rght One n;7.9;2,12; R$ 2.120.000,00 
Dstrct 9;7.9;115,65; R$ 115.650.000,00 
The Wrestler;7.9;26,24; R$ 26.240.000,00 
Jab We Met;7.9;0,41; R$ 410.000,00 
Boyhood;7.9;25,38; R$ 25.380.000,00 
4 Months, 3 Weeks and 2 Days;7.9;1,19; R$ 1.190.000,00 
Star Trek;7.9;257,73; R$ 257.730.000,00 
n Bruges;7.9;7,76; R$ 7.760.000,00 
Letters from wo Jma;7.9;13,76; R$ 13.760.000,00 
The Fall;7.9;2,28; R$ 2.280.000,00 
Lfe of P;7.9;124,99; R$ 124.990.000,00 
Fantastc Mr. Fox;7.9;21; R$ 21.000.000,00 
The Chorus;7.9;3,64; R$ 3.640.000,00 
ron Man;7.9;318,41; R$ 318.410.000,00 
Shaun of the Dead;7.9;13,54; R$ 13.540.000,00 
Kal Ho Naa Ho;7.9;1,79; R$ 1.790.000,00 
Mystc Rver;7.9;90,14; R$ 90.140.000,00 
Harry Potter and the Prsoner of Azkaban;7.9;249,36; R$ 249.360.000,00 
Hero;7.9;53,71; R$ 53.710.000,00 
Talk to Her;7.9;9,28; R$ 9.280.000,00 
No Man's Land;7.9;1,06; R$ 1.060.000,00 
Cowboy Bebop: The Move;7.9;1; R$ 1.000.000,00 
The Bourne dentty;7.9;121,66; R$ 121.660.000,00 
Nne Queens;7.9;1,22; R$ 1.220.000,00 
Chldren of Men;7.9;35,55; R$ 35.550.000,00 
All About My Mother;7.9;8,26; R$ 8.260.000,00 
Almost Famous;7.9;32,53; R$ 32.530.000,00 
Mulholland Dr.;7.9;7,22; R$ 7.220.000,00 
Shrek;7.9;267,67; R$ 267.670.000,00 
Toy Story 2;7.9;245,85; R$ 245.850.000,00 
Knockn' on Heaven's Door;7.9;0; R$ -   
Booge Nghts;7.9;26,4; R$ 26.400.000,00 
Once Were Warrors;7.9;2,2; R$ 2.200.000,00 
True Romance;7.9;12,28; R$ 12.280.000,00 
Three Colors: Blue;7.9;1,32; R$ 1.320.000,00 
Carlto's Way;7.9;36,95; R$ 36.950.000,00 
Edward Scssorhands;7.9;56,36; R$ 56.360.000,00 
Crmes and Msdemeanors;7.9;18,25; R$ 18.250.000,00 
The Untouchables;7.9;76,27; R$ 76.270.000,00 
Hannah and Her Ssters;7.9;40,08; R$ 40.080.000,00 
Brazl;7.9;9,93; R$ 9.930.000,00 
Ths s Spnal Tap;7.9;0,19; R$ 190.000,00 
A Chrstmas Story;7.9;20,61; R$ 20.610.000,00 
The Blues Brothers;7.9;57,23; R$ 57.230.000,00 
Manhattan;7.9;45,7; R$ 45.700.000,00 
All That Jazz;7.9;37,82; R$ 37.820.000,00 
Dawn of the Dead;7.9;5,1; R$ 5.100.000,00 
The Holy Mountan;7.9;0,06; R$ 60.000,00 
Amarcord;7.9;0,58; R$ 580.000,00 
The Dscreet Charm of the Bourgeose;7.9;0,2; R$ 200.000,00 
Patton;7.9;61,7; R$ 61.700.000,00 
The Wld Bunch;7.9;12,06; R$ 12.060.000,00 
Nght of the Lvng Dead;7.9;0,09; R$ 90.000,00 
The Lon n Wnter;7.9;22,28; R$ 22.280.000,00 
n the Heat of the Nght;7.9;24,38; R$ 24.380.000,00 
Charade;7.9;13,47; R$ 13.470.000,00 
Spartacus;7.9;30; R$ 30.000.000,00 
Hroshma Mon Amour;7.9;0,09; R$ 90.000,00 
The Ten Commandments;7.9;93,74; R$ 93.740.000,00 
Mracle on 34th Street;7.9;2,65; R$ 2.650.000,00 
The Bg Sleep;7.9;6,54; R$ 6.540.000,00 
The Lost Weekend;7.9;9,46; R$ 9.460.000,00 
Hs Grl Frday;7.9;0,3; R$ 300.000,00 
The Adventures of Robn Hood;7.9;3,98; R$ 3.980.000,00 
A Nght at the Opera;7.9;2,54; R$ 2.540.000,00 
Kng Kong;7.9;10; R$ 10.000.000,00 
The Salesman;7.8;2,4; R$ 2.400.000,00 
Dunkrk;7.8;188,37; R$ 188.370.000,00 
Hdden Fgures;7.8;169,61; R$ 169.610.000,00 
Paddngton 2;7.8;40,44; R$ 40.440.000,00 
Kubo and the Two Strngs;7.8;48,02; R$ 48.020.000,00 
Manchester by the Sea;7.8;47,7; R$ 47.700.000,00 
Land of Mne;7.8;0,44; R$ 440.000,00 
Rogue One: A Star Wars Story;7.8;532,18; R$ 532.180.000,00 
Captan Amerca: Cvl War;7.8;408,08; R$ 408.080.000,00 
The Hateful Eght;7.8;54,12; R$ 54.120.000,00 
Lttle Women;7.8;108,1; R$ 108.100.000,00 
Lovng Vncent;7.8;6,74; R$ 6.740.000,00 
Nghtcrawler;7.8;32,38; R$ 32.380.000,00 
The Great Beauty;7.8;2,85; R$ 2.850.000,00 
The Lunchbox;7.8;4,23; R$ 4.230.000,00 
Vcky Donor;7.8;0,17; R$ 170.000,00 
Bg Hero 6;7.8;222,53; R$ 222.530.000,00 
KaPo Che;7.8;1,12; R$ 1.120.000,00 
About Tme;7.8;15,32; R$ 15.320.000,00 
Englsh Vnglsh;7.8;1,67; R$ 1.670.000,00 
The Wnd Rses;7.8;5,21; R$ 5.210.000,00 
The Best Offer;7.8;0,09; R$ 90.000,00 
Moonrse Kngdom;7.8;45,51; R$ 45.510.000,00 
How to Tran Your Dragon 2;7.8;177; R$ 177.000.000,00 
The Bg Short;7.8;70,26; R$ 70.260.000,00 
Saw the Devl;7.8;0,13; R$ 130.000,00 
The Grl wth the Dragon Tattoo;7.8;102,52; R$ 102.520.000,00 
Captan Phllps;7.8;107,1; R$ 107.100.000,00 
The Man from Nowhere;7.8;0,01; R$ 10.000,00 
Straght Outta Compton;7.8;161,2; R$ 161.200.000,00 
The rshman;7.8;7; R$ 7.000.000,00 
Mother;7.8;0,55; R$ 550.000,00 
The Hobbt: The Desolaton of Smaug;7.8;258,37; R$ 258.370.000,00 
The Whte Rbbon;7.8;2,22; R$ 2.220.000,00 
The Grl wth the Dragon Tattoo;7.8;10,1; R$ 10.100.000,00 
The Fghter;7.8;93,62; R$ 93.620.000,00 
Taken;7.8;145; R$ 145.000.000,00 
The Boy n the Strped Pajamas;7.8;9,03; R$ 9.030.000,00 
Once;7.8;9,44; R$ 9.440.000,00 
The Hobbt: An Unexpected Journey;7.8;303; R$ 303.000.000,00 
The Edge of Heaven;7.8;0,74; R$ 740.000,00 
Atonement;7.8;50,93; R$ 50.930.000,00 
Drve;7.8;35,06; R$ 35.060.000,00 
Amercan Gangster;7.8;130,16; R$ 130.160.000,00 
Avatar;7.8;760,51; R$ 760.510.000,00 
Mr. Nobody;7.8;0; R$ -   
Apocalypto;7.8;50,87; R$ 50.870.000,00 
Lttle Mss Sunshne;7.8;59,89; R$ 59.890.000,00 
Hot Fuzz;7.8;23,64; R$ 23.640.000,00 
The Curous Case of Benjamn Button;7.8;127,51; R$ 127.510.000,00 
Veer-Zaara;7.8;2,92; R$ 2.920.000,00 
Adam's Apples;7.8;0; R$ -   
Prde & Prejudce;7.8;38,41; R$ 38.410.000,00 
The World's Fastest ndan;7.8;5,13; R$ 5.130.000,00 
Tokyo Godfathers;7.8;0,13; R$ 130.000,00 
Serenty;7.8;25,51; R$ 25.510.000,00 
Walk the Lne;7.8;119,52; R$ 119.520.000,00 
Evl;7.8;0,02; R$ 20.000,00 
The Notebook;7.8;81; R$ 81.000.000,00 
The Motorcycle Dares;7.8;16,76; R$ 16.760.000,00 
Llya 4-Ever;7.8;0,18; R$ 180.000,00 
The Trplets of Bellevlle;7.8;7; R$ 7.000.000,00 
Wakng Lfe;7.8;2,89; R$ 2.890.000,00 
Remember the Ttans;7.8;115,65; R$ 115.650.000,00 
Crouchng Tger, Hdden Dragon;7.8;128,08; R$ 128.080.000,00 
Cast Away;7.8;233,63; R$ 233.630.000,00 
The Boondock Sants;7.8;0,03; R$ 30.000,00 
The nsder;7.8;28,97; R$ 28.970.000,00 
October Sky;7.8;32,48; R$ 32.480.000,00 
Ttanc;7.8;659,33; R$ 659.330.000,00 
Freworks;7.8;0,23; R$ 230.000,00 
Gattaca;7.8;12,34; R$ 12.340.000,00 
The Game;7.8;48,32; R$ 48.320.000,00 
Ed Wood;7.8;5,89; R$ 5.890.000,00 
Tombstone;7.8;56,51; R$ 56.510.000,00 
The Sandlot;7.8;32,42; R$ 32.420.000,00 
The Remans of the Day;7.8;22,95; R$ 22.950.000,00 
Naked;7.8;1,77; R$ 1.770.000,00 
The Fugtve;7.8;183,88; R$ 183.880.000,00 
A Bronx Tale;7.8;17,27; R$ 17.270.000,00 
Batman: Mask of the Phantasm;7.8;5,62; R$ 5.620.000,00 
Boyz n the Hood;7.8;57,5; R$ 57.500.000,00 
Msery;7.8;61,28; R$ 61.280.000,00 
Awakenngs;7.8;52,1; R$ 52.100.000,00 
Back to the Future Part ;7.8;118,5; R$ 118.500.000,00 
MssssppBurnng;7.8;34,6; R$ 34.600.000,00 
Predator;7.8;59,74; R$ 59.740.000,00 
Ferrs Bueller's Day Off;7.8;70,14; R$ 70.140.000,00 
The Goones;7.8;61,5; R$ 61.500.000,00 
The Color Purple;7.8;98,47; R$ 98.470.000,00 
The Breakfast Club;7.8;45,88; R$ 45.880.000,00 
The Kllng Felds;7.8;34,7; R$ 34.700.000,00 
Ghostbusters;7.8;238,63; R$ 238.630.000,00 
The Rght Stuff;7.8;21,5; R$ 21.500.000,00 
The Kng of Comedy;7.8;2,5; R$ 2.500.000,00 
E.T. the Extra-Terrestral;7.8;435,11; R$ 435.110.000,00 
Kramer vs. Kramer;7.8;106,26; R$ 106.260.000,00 
The Outlaw Josey Wales;7.8;31,8; R$ 31.800.000,00 
The Conversaton;7.8;4,42; R$ 4.420.000,00 
Fantastc Planet;7.8;0,19; R$ 190.000,00 
The Day of the Jackal;7.8;16,06; R$ 16.060.000,00 
Cabaret;7.8;42,77; R$ 42.770.000,00 
Wlly Wonka & the Chocolate Factory;7.8;4; R$ 4.000.000,00 
Mdnght Cowboy;7.8;44,79; R$ 44.790.000,00 
Wat Untl Dark;7.8;17,55; R$ 17.550.000,00 
Guess Who's Comng to Dnner;7.8;56,7; R$ 56.700.000,00 
My Far Lady;7.8;72; R$ 72.000.000,00 
Mary Poppns;7.8;102,27; R$ 102.270.000,00 
The Longest Day;7.8;39,1; R$ 39.100.000,00 
The nnocents;7.8;2,62; R$ 2.620.000,00 
Breathless;7.8;0,34; R$ 340.000,00 
The Quet Man;7.8;10,55; R$ 10.550.000,00 
The Afrcan Queen;7.8;0,54; R$ 540.000,00 
God's Own Country;7.7;0,34; R$ 340.000,00 
Deadpool 2;7.7;324,59; R$ 324.590.000,00 
Wnd Rver;7.7;33,8; R$ 33.800.000,00 
Get Out;7.7;176,04; R$ 176.040.000,00 
Msson: mpossble - Fallout;7.7;220,16; R$ 220.160.000,00 
A Man Called Ove;7.7;3,36; R$ 3.360.000,00 
What We Do n the Shadows;7.7;3,33; R$ 3.330.000,00 
When Marne Was There;7.7;0,77; R$ 770.000,00 
The Theory of Everythng;7.7;35,89; R$ 35.890.000,00 
Kngsman: The Secret Servce;7.7;128,26; R$ 128.260.000,00 
The Fault n Our Stars;7.7;124,87; R$ 124.870.000,00 
Me and Earl and the Dyng Grl;7.7;6,74; R$ 6.740.000,00 
Brdman or (The Unexpected Vrtue of gnorance);7.7;42,34; R$ 42.340.000,00 
The Past;7.7;1,33; R$ 1.330.000,00 
Blue s the Warmest Colour;7.7;2,2; R$ 2.200.000,00 
The Broken Crcle Breakdown;7.7;0,18; R$ 180.000,00 
Toy Story 4;7.7;434,04; R$ 434.040.000,00 
Captan Amerca: The Wnter Solder;7.7;259,77; R$ 259.770.000,00 
Rockstar;7.7;0,99; R$ 990.000,00 
Nebraska;7.7;17,65; R$ 17.650.000,00 
Wreck-t Ralph;7.7;189,42; R$ 189.420.000,00 
The Lttle Prnce;7.7;1,34; R$ 1.340.000,00 
Detachment;7.7;0,07; R$ 70.000,00 
Mdnght n Pars;7.7;56,82; R$ 56.820.000,00 
The Lego Move;7.7;257,76; R$ 257.760.000,00 
Gravty;7.7;274,09; R$ 274.090.000,00 
Star Trek nto Darkness;7.7;228,78; R$ 228.780.000,00 
Beasts of No Naton;7.7;0,08; R$ 80.000,00 
The Socal Network;7.7;96,96; R$ 96.960.000,00 
X: Frst Class;7.7;146,41; R$ 146.410.000,00 
The Hangover;7.7;277,32; R$ 277.320.000,00 
Skyfall;7.7;304,36; R$ 304.360.000,00 
Slver Lnngs Playbook;7.7;132,09; R$ 132.090.000,00 
Argo;7.7;136,03; R$ 136.030.000,00 
500 Days of Summer;7.7;32,39; R$ 32.390.000,00 
Harry Potter and the Deathly Hallows: Part 1;7.7;295,98; R$ 295.980.000,00 
Ponyo;7.7;15,09; R$ 15.090.000,00 
Frost/Nxon;7.7;18,59; R$ 18.590.000,00 
Paprka;7.7;0,88; R$ 880.000,00 
Changelng;7.7;35,74; R$ 35.740.000,00 
Flpped;7.7;1,75; R$ 1.750.000,00 
Ths s England;7.7;0,33; R$ 330.000,00 
Ex Machna;7.7;25,44; R$ 25.440.000,00 
After the Weddng;7.7;0,41; R$ 410.000,00 
The Last Kng of Scotland;7.7;17,61; R$ 17.610.000,00 
Zodac;7.7;33,08; R$ 33.080.000,00 
Lucky Number Slevn;7.7;22,49; R$ 22.490.000,00 
Joyeux Noel;7.7;1,05; R$ 1.050.000,00 
Control;7.7;0,87; R$ 870.000,00 
Tangled;7.7;200,82; R$ 200.820.000,00 
Black Book;7.7;4,4; R$ 4.400.000,00 
Brokeback Mountan;7.7;83,04; R$ 83.040.000,00 
3:10 to Yuma;7.7;53,61; R$ 53.610.000,00 
Crash;7.7;54,58; R$ 54.580.000,00 
Kung Fu Hustle;7.7;17,11; R$ 17.110.000,00 
The Bourne Supremacy;7.7;176,24; R$ 176.240.000,00 
The Machnst;7.7;1,08; R$ 1.080.000,00 
Ray;7.7;75,33; R$ 75.330.000,00 
Lost n Translaton;7.7;44,59; R$ 44.590.000,00 
Harry Potter and the Goblet of Fre;7.7;290,01; R$ 290.010.000,00 
Man on Fre;7.7;77,91; R$ 77.910.000,00 
Coralne;7.7;75,29; R$ 75.290.000,00 
The Last Samura;7.7;111,11; R$ 111.110.000,00 
The Magdalene Ssters;7.7;4,89; R$ 4.890.000,00 
Fndng Neverland;7.7;51,68; R$ 51.680.000,00 
Good Bye Lenn!;7.7;4,06; R$ 4.060.000,00 
n Amerca;7.7;15,54; R$ 15.540.000,00 
Adaptaton.;7.7;22,25; R$ 22.250.000,00 
Black Hawk Down;7.7;108,64; R$ 108.640.000,00 
Road to Perdton;7.7;104,45; R$ 104.450.000,00 
The Experment;7.7;0,14; R$ 140.000,00 
Blly Ellot;7.7;22; R$ 22.000.000,00 
Hedwg and the Angry nch;7.7;3,03; R$ 3.030.000,00 
The Count of Monte Crsto;7.7;54,23; R$ 54.230.000,00 
Ocean's Eleven;7.7;183,42; R$ 183.420.000,00 
Vampre Hunter D: Bloodlust;7.7;0,15; R$ 150.000,00 
O Brother, Where Art Thou?;7.7;45,51; R$ 45.510.000,00 
South Park: Bgger, Longer & Uncut;7.7;52,04; R$ 52.040.000,00 
Offce Space;7.7;10,82; R$ 10.820.000,00 
Happness;7.7;2,81; R$ 2.810.000,00 
Tranng Day;7.7;76,63; R$ 76.630.000,00 
Run Lola Run;7.7;7,27; R$ 7.270.000,00 
Rushmore;7.7;17,11; R$ 17.110.000,00 
Open Your Eyes;7.7;0,37; R$ 370.000,00 
Beng John Malkovch;7.7;22,86; R$ 22.860.000,00 
Taste of Cherry;7.7;0,31; R$ 310.000,00 
As Good as t Gets;7.7;148,48; R$ 148.480.000,00 
The Ffth Element;7.7;63,54; R$ 63.540.000,00 
Le DÃ®ner de Cons;7.7;4,07; R$ 4.070.000,00 
Donne Brasco;7.7;41,91; R$ 41.910.000,00 
Shne;7.7;35,81; R$ 35.810.000,00 
Prmal Fear;7.7;56,12; R$ 56.120.000,00 
Hamlet;7.7;4,41; R$ 4.410.000,00 
Sense and Sensblty;7.7;43,18; R$ 43.180.000,00 
A Lttle Prncess;7.7;10,02; R$ 10.020.000,00 
l Postno;7.7;21,85; R$ 21.850.000,00 
Clerks;7.7;3,15; R$ 3.150.000,00 
What's Eatng Glbert Grape;7.7;9,17; R$ 9.170.000,00 
Short Cuts;7.7;6,11; R$ 6.110.000,00 
Phladelpha;7.7;77,32; R$ 77.320.000,00 
The Muppet Chrstmas Carol;7.7;27,28; R$ 27.280.000,00 
Malcolm X;7.7;48,17; R$ 48.170.000,00 
The Last of the Mohcans;7.7;75,51; R$ 75.510.000,00 
Glengarry Glen Ross;7.7;10,73; R$ 10.730.000,00 
A Few Good Men;7.7;141,34; R$ 141.340.000,00 
Nght on Earth;7.7;2,02; R$ 2.020.000,00 
Fred Green Tomatoes;7.7;82,42; R$ 82.420.000,00 
Barton Fnk;7.7;6,15; R$ 6.150.000,00 
Mller's Crossng;7.7;5,08; R$ 5.080.000,00 
Who Framed Roger Rabbt;7.7;156,45; R$ 156.450.000,00 
The Last Emperor;7.7;43,98; R$ 43.980.000,00 
Evl Dead ;7.7;5,92; R$ 5.920.000,00 
Empre of the Sun;7.7;22,24; R$ 22.240.000,00 
The Name of the Rose;7.7;7,15; R$ 7.150.000,00 
Down by Law;7.7;1,44; R$ 1.440.000,00 
Blue Velvet;7.7;8,55; R$ 8.550.000,00 
The Purple Rose of Caro;7.7;10,63; R$ 10.630.000,00 
After Hours;7.7;10,6; R$ 10.600.000,00 
Zelg;7.7;11,8; R$ 11.800.000,00 
The Verdct;7.7;54; R$ 54.000.000,00 
Star Trek : The Wrath of Khan;7.7;78,91; R$ 78.910.000,00 
Frst Blood;7.7;47,21; R$ 47.210.000,00 
Ordnary People;7.7;54,8; R$ 54.800.000,00 
Arplane!;7.7;83,4; R$ 83.400.000,00 
Halloween;7.7;47; R$ 47.000.000,00 
The Tenant;7.7;1,92; R$ 1.920.000,00 
The Takng of Pelham One Two Three;7.7;2,49; R$ 2.490.000,00 
Blazng Saddles;7.7;119,5; R$ 119.500.000,00 
Serpco;7.7;29,8; R$ 29.800.000,00 
Enter the Dragon;7.7;25; R$ 25.000.000,00 
Delverance;7.7;7,06; R$ 7.060.000,00 
The French Connecton;7.7;15,63; R$ 15.630.000,00 
Drty Harry;7.7;35,9; R$ 35.900.000,00 
The Odd Couple;7.7;44,53; R$ 44.530.000,00 
The Drty Dozen;7.7;45,3; R$ 45.300.000,00 
Belle de Jour;7.7;0,03; R$ 30.000,00 
A Man for All Seasons;7.7;28,35; R$ 28.350.000,00 
Goldfnger;7.7;51,08; R$ 51.080.000,00 
The Brds;7.7;11,4; R$ 11.400.000,00 
Peepng Tom;7.7;0,08; R$ 80.000,00 
The Magnfcent Seven;7.7;4,91; R$ 4.910.000,00 
Les yeux sans vsage;7.7;0,05; R$ 50.000,00 
Fantasa;7.7;76,41; R$ 76.410.000,00 
Searchng;7.6;26,02; R$ 26.020.000,00 
Once Upon a Tme... n Hollywood;7.6;142,5; R$ 142.500.000,00 
Loveless;7.6;0,57; R$ 570.000,00 
The Florda Project;7.6;5,9; R$ 5.900.000,00 
Gfted;7.6;24,8; R$ 24.800.000,00 
The Peanut Butter Falcon;7.6;13,12; R$ 13.120.000,00 
Guardans of the Galaxy Vol. 2;7.6;389,81; R$ 389.810.000,00 
Baby Drver;7.6;107,83; R$ 107.830.000,00 
Only the Brave;7.6;18,34; R$ 18.340.000,00 
Brdge of Spes;7.6;72,31; R$ 72.310.000,00 
ncredbles 2;7.6;608,58; R$ 608.580.000,00 
Moana;7.6;248,76; R$ 248.760.000,00 
Scaro;7.6;46,89; R$ 46.890.000,00 
Creed;7.6;109,77; R$ 109.770.000,00 
Levathan;7.6;1,09; R$ 1.090.000,00 
Hell or Hgh Water;7.6;26,86; R$ 26.860.000,00 
Phlomena;7.6;37,71; R$ 37.710.000,00 
Dawn of the Planet of the Apes;7.6;208,55; R$ 208.550.000,00 
The Rad: Redempton;7.6;4,11; R$ 4.110.000,00 
End of Watch;7.6;41; R$ 41.000.000,00 
The Secret World of Arretty;7.6;19,2; R$ 19.200.000,00 
A Star s Born;7.6;215,29; R$ 215.290.000,00 
True Grt;7.6;171,24; R$ 171.240.000,00 
n a Better World;7.6;1,01; R$ 1.010.000,00 
Despcable Me;7.6;251,51; R$ 251.510.000,00 
50/50;7.6;35,01; R$ 35.010.000,00 
Kck-Ass;7.6;48,07; R$ 48.070.000,00 
Moneyball;7.6;75,61; R$ 75.610.000,00 
The Skn Lve n;7.6;3,19; R$ 3.190.000,00 
Zombeland;7.6;75,59; R$ 75.590.000,00 
Sherlock Holmes;7.6;209,03; R$ 209.030.000,00 
The Blnd Sde;7.6;255,96; R$ 255.960.000,00 
The Vstor;7.6;9,42; R$ 9.420.000,00 
Seven Pounds;7.6;69,95; R$ 69.950.000,00 
Eastern Promses;7.6;17,11; R$ 17.110.000,00 
Stardust;7.6;38,63; R$ 38.630.000,00 
The Secret of Kells;7.6;0,69; R$ 690.000,00 
nsde Man;7.6;88,51; R$ 88.510.000,00 
Gone Baby Gone;7.6;20,3; R$ 20.300.000,00 
La Ve En Rose;7.6;10,3; R$ 10.300.000,00 
Fearless;7.6;24,63; R$ 24.630.000,00 
The llusonst;7.6;39,87; R$ 39.870.000,00 
Dead Man's Shoes;7.6;0,01; R$ 10.000,00 
Harry Potter and the Half-Blood Prnce;7.6;301,96; R$ 301.960.000,00 
300;7.6;210,61; R$ 210.610.000,00 
Match Pont;7.6;23,09; R$ 23.090.000,00 
Watchmen;7.6;107,51; R$ 107.510.000,00 
Lord of War;7.6;24,15; R$ 24.150.000,00 
Saw;7.6;56; R$ 56.000.000,00 
Mysterous Skn;7.6;0,7; R$ 700.000,00 
A Very Long Engagement;7.6;6,17; R$ 6.170.000,00 
The Staton Agent;7.6;5,74; R$ 5.740.000,00 
21 Grams;7.6;16,29; R$ 16.290.000,00 
Sympathy for Mr. Vengeance;7.6;0,05; R$ 50.000,00 
25th Hour;7.6;13,06; R$ 13.060.000,00 
The Butterfly Effect;7.6;57,94; R$ 57.940.000,00 
Am Sam;7.6;40,31; R$ 40.310.000,00 
The Royal Tenenbaums;7.6;52,36; R$ 52.360.000,00 
Y Tu MamÃ¡ TambÃ©n;7.6;13,62; R$ 13.620.000,00 
Harry Potter and the Sorcerer's Stone;7.6;317,58; R$ 317.580.000,00 
The Others;7.6;96,52; R$ 96.520.000,00 
Enemy at the Gates;7.6;51,4; R$ 51.400.000,00 
Traffc;7.6;124,12; R$ 124.120.000,00 
Mnorty Report;7.6;132,07; R$ 132.070.000,00 
Amercan Psycho;7.6;15,07; R$ 15.070.000,00 
The Thn Red Lne;7.6;36,4; R$ 36.400.000,00 
Mulan;7.6;120,62; R$ 120.620.000,00 
Fear and Loathng n Las Vegas;7.6;10,68; R$ 10.680.000,00 
Dark Cty;7.6;14,38; R$ 14.380.000,00 
Lost Hghway;7.6;3,8; R$ 3.800.000,00 
De Hard wth a Vengeance;7.6;100,01; R$ 100.010.000,00 
The Brdges of Madson County;7.6;71,52; R$ 71.520.000,00 
Apollo 13;7.6;173,84; R$ 173.840.000,00 
Three Colors: Whte;7.6;1,46; R$ 1.460.000,00 
Fallng Down;7.6;40,9; R$ 40.900.000,00 
Dazed and Confused;7.6;7,99; R$ 7.990.000,00 
My Cousn Vnny;7.6;52,93; R$ 52.930.000,00 
Only Yesterday;7.6;0,45; R$ 450.000,00 
Delcatessen;7.6;1,79; R$ 1.790.000,00 
The Hunt for Red October;7.6;122,01; R$ 122.010.000,00 
Home Alone;7.6;285,76; R$ 285.760.000,00 
The Godfather: Part ;7.6;66,67; R$ 66.670.000,00 
When Harry Met Sally...;7.6;92,82; R$ 92.820.000,00 
The Lttle Mermad;7.6;111,54; R$ 111.540.000,00 
The Naked Gun: From the Fles of Polce Squad!;7.6;78,76; R$ 78.760.000,00 
Wthnal & ;7.6;1,54; R$ 1.540.000,00 
Lethal Weapon;7.6;65,21; R$ 65.210.000,00 
Blood Smple;7.6;2,15; R$ 2.150.000,00 
On Golden Pond;7.6;119,29; R$ 119.290.000,00 
Mad Max 2: The Road Warror;7.6;12,47; R$ 12.470.000,00 
The Warrors;7.6;22,49; R$ 22.490.000,00 
The Muppet Move;7.6;76,66; R$ 76.660.000,00 
Escape from Alcatraz;7.6;43; R$ 43.000.000,00 
Close Encounters of the Thrd Knd;7.6;132,09; R$ 132.090.000,00 
The Long Goodbye;7.6;0,96; R$ 960.000,00 
Duck You Sucker;7.6;0,7; R$ 700.000,00 
Kelly's Heroes;7.6;1,38; R$ 1.380.000,00 
The Jungle Book;7.6;141,84; R$ 141.840.000,00 
A Hard Day's Nght;7.6;13,78; R$ 13.780.000,00 
Shane;7.6;20; R$ 20.000.000,00 
From Here to Eternty;7.6;30,5; R$ 30.500.000,00 
